Target,drfold,rf,rhofold,rnac,trr,3drna,Average
8ane,0.53,0.4,0.39,0.35,0.44,0.49,0.433333333
8d1v,0.53,0.52,0.33,0.31,0.4,0.37,0.41
8d29,0.84,0.72,0.81,0.77,0.86,0.79,0.798333333
8d4a,0.88,0.74,0.81,0.54,0.81,0.69,0.745
8do6,0.73,0.63,0.78,0.61,0.66,0.44,0.641666667
8e0f,0.89,0.89,0.89,0.5,0.89,0.64,0.783333333
8ewg,0.52,0.43,0.5,0.45,0.6,0.49,0.498333333
8f0n,0.57,0.49,0.52,0.55,0.71,0.54,0.563333333
8ff5,0.46,0.51,0.46,0.47,0.6,0.4,0.483333333
8ffy,0.51,0.6,0.64,0.47,0.7,0.46,0.563333333
8gkh,0.4,0.55,0.56,0.72,0.55,0.66,0.573333333
8gxb,0.45,0.61,0.6,0.63,0.74,0.39,0.57
8h7q,0.38,0.4,0.47,0.22,0.48,0.33,0.38
8hb8,0.48,0.55,0.59,0.56,0.7,0.41,0.548333333
8hud,0.78,0.79,0.87,0.8,0.78,0.66,0.78
8ibw,0.56,0.74,0.51,0.78,0.67,0.79,0.675
8j1q,0.26,0.32,0.32,0.3,0.27,0.27,0.29
8sqj,0.7,0.67,0.69,0.52,0.79,0.61,0.663333333
8sqj,0.81,0.68,0.65,0.41,0.77,0.44,0.626666667
8upt,0.76,0.67,0.81,0.6,0.76,0.61,0.701666667