Target,df,drfold,rf,rhofold, rnac, trr, 3drna
r1107,0.7586206896551724,0.26436781609195403,0.632183908045977,0.4827586206896552,0.20689655172413793,0.5632183908045977,0.2413793103448276
r1108,0.813953488372093,0.7441860465116279,0.5697674418604651,0.7558139534883721,0.4418604651162791,0.8604651162790697,0.3953488372093023
r1126,0.45145631067961167,0.7653721682847896,0.33171521035598706,0.2928802588996764,0.5420711974110033,0.5161812297734628,0.5711974110032363
r1128,0.752112676056338,0.7830985915492957,0.532394366197183,0.7436619718309859,0.7323943661971831,0.8845070422535212,0.7352112676056338
r1136,0.4102167182662539,0.5681114551083591,0.2739938080495356,0.21207430340557276,0.5743034055727554,0.5681114551083591,0.5634674922600619
r1138,0.4830645161290323,NA,0.007258064516129033,0.3435483870967742,NA,0.5911290322580646,0.6266129032258064
r1189,0.5625,0.625,0.4140625,0.5703125,0.578125,0.5078125,0.4765625
r1190,0.6228070175438597,0.6666666666666666,0.4824561403508772,0.6666666666666666,0.6491228070175439,0.543859649122807,0.5526315789473685
